{
    "sony dsc-wx220 1024 768 brown 0 rgb": {
        "p2": 0.0037044532100506786, 
        "p1": 0.008096864252636003, 
        "width": 1024, 
        "projection_type": "brown", 
        "height": 768, 
        "k3": -4.813241311764505e-05, 
        "k2": 0.00023304100828964755, 
        "k1": 0.0015930679117586017, 
        "focal_y": 0.8488336291774654, 
        "focal_x": 0.8488336291774654, 
        "c_y": -0.003779935532050337, 
        "c_x": -0.0018309984476467837
    }
}